WardName,LastMonth,PredictedNextMonth,PctIncrease,Test_MAE
Abbey,192,180.92753623188406,-5.766908212560384,22.56842105263156
Abbey Road,75,60.811594202898554,-18.91787439613526,16.53684210526315
Abbey Wood,147,127.42028985507247,-13.319530710835057,13.663157894736832
Abingdon,93,78.84782608695652,-15.217391304347833,7.552280701754384
Addiscombe East,68,66.53260869565217,-2.157928388746806,10.84842105263158
Addiscombe West,105,130.0253623188406,23.833678398895803,17.970526315789474
Addison,88,94.1340579710145,6.970520421607386,9.2842105263158
Aldborough,80,96.65579710144928,20.8197463768116,17.147368421052636
Alexandra,48,32.710144927536234,-31.853864734299513,10.968421052631578
Alexandra Park,54,41.36231884057971,-23.40311325818572,12.284210526315785
Alibon,75,65.92753623188406,-12.096618357487918,9.166315789473684
Alperton,195,131.11956521739128,-32.75919732441472,43.30315789473684
Arnos Grove,55,44.38405797101449,-19.301712779973652,8.86526315789474
Arsenal,117,111.3623188405797,-4.818530905487433,15.94947368421052
Avonmore,49,46.45652173913044,-5.190771960958291,8.557894736842107
Balham,172,162.54710144927535,-5.4958712504213105,30.4
Barking Riverside,95,95.18840579710145,0.1983218916857398,15.010526315789466
Barkingside,59,57.29347826086957,-2.892409727339712,8.72
Barnehurst,46,41.51811594202899,-9.743226212980453,3.6035087719298247
Barnes,40,39.14855072463769,-2.1286231884057827,7.834385964912282
Barnet Vale,96,83.66304347826087,-12.850996376811588,11.654736842105265
Barnhill,135,107.33333333333333,-20.49382716049383,36.43157894736843
Barnsbury,123,149.29347826086956,21.376811594202895,12.628070175438598
Battersea Park,136,146.96376811594203,8.061594202898553,9.981052631578951
Bayswater,141,137.72101449275362,-2.325521636344947,27.80631578947369
Beam,95,75.93478260869566,-20.06864988558352,12.698245614035091
Beam Park,52,58.45652173913043,12.416387959866212,5.972631578947366
Beckenham Town & Copers Cope,134,117.55797101449275,-12.270170884706904,13.121403508771929
Beckton,205,224.17028985507247,9.351360904913399,42.06315789473685
Becontree,60,62.028985507246375,3.3816425120772915,4.481403508771928
Beddington,62,67.92753623188405,9.5605423094904,9.202105263157893
Bedfont,122,97.85144927536233,-19.793894036588256,18.747368421052634
Bellingham,137,134.57971014492753,-1.766634930709831,5.0540350877192965
Belmont,73,68.45289855072463,-6.228906094897773,9.83157894736842
Belmore,114,113.38043478260869,-0.5434782608695717,23.46315789473684
Belsize,102,98.98550724637681,-2.9553850525717524,6.5789473684210575
Belvedere,142,117.56521739130436,-17.20759338640538,28.547368421052624
Bensham Manor,106,106.19927536231884,0.1879956248290976,6.189473684210526
Berrylands,18,16.373188405797098,-9.037842190016123,4.792982456140351
Bethnal Green,201,244.3623188405797,21.573292955512283,35.62175438596492
Bexleyheath,185,168.02898550724638,-9.173521347434392,8.616842105263151
Bickley & Sundridge,78,71.94565217391305,-7.761984392419172,20.957894736842103
Biggin Hill,55,46.83695652173914,-14.841897233201564,6.8645614035087705
Blackfen & Lamorbey,38,57.21014492753623,50.553012967200594,18.547368421052624
Blackheath,167,165.94202898550725,-0.6335155775405691,20.465263157894732
Blackheath Westcombe,64,67.92753623188406,6.136775362318847,8.11298245614035
Blackwall & Cubitt Town,172,158.3876811594203,-7.914138860802145,21.006315789473682
Blendon & Penhill,38,43.55797101449275,14.626239511823028,6.417543859649119
Bloomsbury,620,604.4565217391305,-2.507012622720888,49.39999999999998
Boleyn,108,86.01811594202898,-20.353596349973163,18.526315789473692
Borough & Bankside,347,356.6014492753623,2.766988263793174,14.171929824561403
Bounds Green,56,100.5072463768116,79.47722567287785,21.625263157894732
Bow East,169,175.22101449275362,3.681073664351257,16.47368421052631
Bow West,107,125.05797101449276,16.876608424759592,39.81333333333333
Bowes,49,53.53623188405797,9.257616089914222,8.737543859649122
Brentford East,68,66.17753623188406,-2.680093776641085,10.08280701754386
Brentford West,60,74.91666666666667,24.86111111111112,24.280701754385962
Bridge,49,51.09782608695652,4.2812777284827,6.063157894736837
Brimsdown,106,110.55072463768118,4.293136450642628,21.18175438596492
Brixton Acre Lane,142,165.8586956521739,16.801898346601345,17.00280701754385
Brixton North,127,140.27536231884056,10.453041195937452,17.4680701754386
Brixton Rush Common,97,86.08333333333333,-11.254295532646053,8.568421052631573
Brixton Windrush,220,221.45652173913044,0.6620553359683806,28.34736842105263
Broad Green,204,207.04710144927535,1.4936771810173262,38.04210526315789
Brockley,115,124.40579710144927,8.178954001260232,11.654736842105262
Bromley Common & Holwood,90,92.40217391304348,2.669082125603871,15.947368421052634
Bromley North,135,125.56884057971014,-6.986044015029526,36.400000000000006
Bromley South,93,111.3840579710145,19.767804269908062,8.717894736842107
Bromley Town,232,220.3695652173913,-5.013118440779607,45.33684210526315
Brompton & Hans Town,236,216.26086956521743,-8.364038319823122,15.029473684210524
Brondesbury Park,79,69.68840579710145,-11.78682810493487,30.13684210526315
Brook Green,94,82.05434782608695,-12.708140610545795,9.442105263157902
Brownswood,65,79.76811594202897,22.72017837235226,21.178947368421042
Bruce Castle,146,141.42391304347825,-3.134306134603938,2.7073684210526268
Brunswick Park,74,69.3695652173913,-6.25734430082257,15.843508771929823
Bullsmoor,77,69.2572463768116,-10.05552418595897,8.110877192982457
Bunhill,238,264.95652173913044,11.3262696382901,39.96842105263157
Burnt Oak,172,157.47463768115944,-8.444978092349164,9.720000000000004
Bush Hill Park,62,48.45652173913044,-21.84431977559607,15.399999999999997
Caledonian,187,168.64130434782606,-9.817484305975366,11.480701754385962
Camberwell Green,169,189.8731884057971,12.350999056684671,15.26105263157894
Camden Square,48,65.34782608695652,36.14130434782608,13.83719298245614
Camden Town,260,302.1195652173913,16.199832775919734,77.85263157894735
Campden,116,92.67391304347827,-20.108695652173907,35.147368421052626
Canary Wharf,273,243.49275362318838,-10.808515156341253,35.50526315789474
Canbury Gardens,40,38.344202898550726,-4.139492753623184,10.536842105263156
Cann Hall,97,87.95652173913044,-9.323173464813982,16.157894736842103
Canning Town North,149,135.31521739130434,-9.184417858185004,14.452631578947376
Canning Town South,100,119.9855072463768,19.985507246376798,23.16842105263156
Cannon Hill,25,26.409420289855078,5.6376811594203105,4.115087719298246
Canonbury,81,97.76086956521739,20.69243156199678,11.261052631578949
Canons,49,39.76086956521739,-18.85536823425022,8.810526315789478
Carshalton Central,59,69.10144927536231,17.121100466715784,16.494736842105265
Carshalton South & Clockhouse,23,38.322463768115945,66.61940768746064,11.583859649122806
Carterhatch,179,155.03623188405797,-13.387579953040241,14.37122807017543
Catford South,136,113.8913043478261,-16.25639386189258,9.997192982456141
Cathall,94,74.78985507246377,-20.436324390995996,15.633684210526315
Cazenove,94,83.78985507246377,-10.861856305889612,15.16
Centenary,58,42.21376811594203,-27.21764117941029,12.673684210526314
Central Greenford,90,91.17391304347827,1.3043478260869612,20.031578947368413
Chadwell,106,89.88405797101449,-15.203718895269352,14.83157894736841
Chadwell Heath,84,105.43840579710147,25.521911663216034,12.503157894736844
Champion Hill,41,55.108695652173914,34.41145281018028,8.305263157894732
Chapel End,97,95.88043478260869,-1.154190945764239,8.635789473684213
Charlton Hornfair,72,66.57971014492755,-7.528180354267297,5.357894736842104
Charlton Village & Riverside,96,89.53985507246375,-6.729317632850258,9.81052631578948
Charville,58,62.80434782608696,8.283358320839588,6.978947368421058
Chaucer,222,199.82246376811594,-9.989881185533362,17.768421052631584
Cheam,36,34.52536231884058,-4.096215780998394,3.6610526315789444
Chelsea Riverside,90,80.42391304347827,-10.640096618357484,12.185964912280701
Chelsfield,35,31.53985507246377,-9.886128364389231,8.926315789473687
Chessington South & Malden Rushett,43,36.57971014492753,-14.930906639703414,6.060350877192979
Childs Hill,116,137.31521739130434,18.37518740629685,14.903157894736836
Chingford Green,75,65.3659420289855,-12.845410628019332,9.41122807017544
Chislehurst,78,62.09420289855072,-20.392047565960617,8.79578947368421
Chiswick Gunnersbury,146,149.75362318840578,2.570974786579303,30.989473684210502
Chiswick Homefields,79,94.93115942028984,20.166024582645374,15.654736842105265
Chiswick Riverside,51,56.43115942028985,10.64933219664677,9.303157894736842
Church Street,125,134.46014492753622,7.568115942028976,6.821052631578948
Churchfields,83,65.53985507246377,-21.03631918980269,14.021052631578948
Clapham Common & Abbeville,66,67.18840579710144,1.800614844093089,23.64210526315789
Clapham East,163,135.62681159420288,-16.793367120120934,44.936842105263146
Clapham Park,81,59.119565217391305,-27.012882447665053,18.094736842105263
Clapham Town,229,210.5144927536232,-8.072273906714765,24.85263157894738
Clayhall,85,88.01811594202897,3.5507246376811414,9.652631578947364
Clementswood,86,81.55797101449275,-5.165149983147964,10.85052631578947
Clerkenwell,191,200.22101449275362,4.827756278928599,10.811929824561394
Clissold,80,76.7644927536232,-4.044384057970998,15.459649122807013
Clock House,72,78.06159420289855,8.418880837359094,7.838596491228069
Cockfosters,63,52.99999999999999,-15.873015873015884,6.635789473684211
Colham & Cowley,159,168.81884057971013,6.175371433779954,16.686315789473678
Colindale North,40,50.35144927536231,25.87862318840578,12.010526315789477
Colindale South,152,154.07971014492753,1.3682303585049551,16.747368421052613
College Park & Old Oak,127,116.42028985507247,-8.330480429076797,12.645614035087718
Colliers Wood,65,83.06884057971016,27.798216276477163,17.456842105263156
Colville,151,166.22101449275362,10.080142048181209,77.95719298245615
Coningham,102,93.07971014492753,-8.745382210855361,20.18947368421053
Coombe Hill,50,36.86594202898551,-26.268115942028984,7.924210526315785
Coombe Vale,27,28.64855072463768,6.105743424583999,6.20421052631579
Coulsdon Town,58,62.731884057971016,8.158420789605199,8.134736842105259
Courtfield,98,96.02536231884058,-2.0149364093463484,3.931929824561408
Cranbrook,89,64.22826086956522,-27.833414753297507,12.579649122807016
Cranford,104,96.34420289855072,-7.361343366778154,18.600000000000005
Cranham,39,26.717391304347828,-31.493868450390185,12.357894736842104
Crayford,101,106.83333333333333,5.7755775577557715,15.77684210526316
Cricket Green,97,92.78985507246377,-4.340355595398179,5.74736842105263
Cricklewood,106,100.62318840579712,-5.072463768115922,13.779649122807019
Cricklewood & Mapesbury,80,74.35144927536233,-7.060688405797092,7.894736842105263
Crofton Park,95,94.78985507246377,-0.22120518688024648,7.084210526315789
Crook Log,60,58.60507246376812,-2.324879227053138,14.62315789473684
Crouch End,79,85.15579710144928,7.792148229682634,17.329122807017548
Crystal Palace & Anerley,93,99.1195652173913,6.580177653108922,7.311578947368426
Crystal Palace & Upper Norwood,88,92.36231884057972,4.957180500658771,9.186666666666664
Custom House,139,143.56159420289856,3.2817224481284617,26.93684210526316
Dalgarno,108,86.09782608695653,-20.279790660225437,22.96210526315789
Dalston,196,184.3623188405797,-5.937592428275669,33.421052631578945
Darwin,16,21.000000000000004,31.25000000000002,3.971228070175438
De Beauvoir,96,89.64855072463767,-6.616092995169091,15.578947368421044
Deptford,200,199.84420289855072,-0.07789855072464036,11.115789473684197
Dollis Hill,164,164.42028985507247,0.2562743018734563,8.743859649122811
Dormers Wells,80,102.46014492753623,28.075181159420293,15.56421052631578
Downham,135,129.36594202898553,-4.173376274825534,11.989473684210532
Dulwich Hill,51,40.27173913043478,-21.035805626598467,4.9719298245614025
Dulwich Village,58,59.358695652173914,2.342578710644679,4.928421052631575
Dulwich Wood,52,57.10144927536231,9.810479375696755,6.499649122807012
Ealing Broadway,195,235.6304347826087,20.836120401337787,53.09473684210525
Ealing Common,110,86.32246376811594,-21.525032938076418,20.49473684210526
Earl's Court,106,122.67028985507247,15.726688542521197,15.764210526315784
East Acton,126,103.06884057971016,-18.199332873245908,14.540350877192983
East Barnet,97,80.43478260869566,-17.077543702375614,20.126315789473683
East Finchley,100,83.18840579710145,-16.811594202898547,14.088421052631585
East Greenwich,86,99.18115942028984,15.326929558476563,11.031578947368425
East Ham,250,182.6231884057971,-26.950724637681162,27.343157894736844
East Ham South,123,102.7427536231884,-16.469305997407798,24.631578947368414
East Putney,95,90.88768115942028,-4.32875667429444,16.341052631578943
East Sheen,56,51.423913043478265,-8.17158385093167,5.050526315789473
East Wickham,58,55.507246376811594,-4.297851074462769,7.05263157894737
Eastbrook & Rush Green,63,60.22826086956522,-4.39958592132505,7.607719298245615
Eastbury,84,83.90217391304348,-0.11645962732918594,6.568421052631573
Eastcote,72,70.6195652173913,-1.9172705314009757,10.909473684210528
Edgware,229,207.9855072463768,-9.176634390228466,25.10526315789473
Edgwarebury,58,52.60507246376812,-9.3015992003998,7.27298245614035
Edmonton Green,254,238.3514492753623,-6.160846741983341,23.77543859649122
Elm Park,80,102.1340579710145,27.667572463768124,12.007719298245624
Eltham Page,42,58.231884057971016,38.64734299516909,9.507368421052629
Eltham Park & Progress,56,56.68115942028986,1.2163561076604625,16.126315789473686
Eltham Town & Avery Hill,120,139.32246376811594,16.102053140096615,24.94315789473684
Emerson Park,20,29.47101449275362,47.3550724637681,6.084210526315789
Endlebury,48,43.51449275362318,-9.34480676328504,4.873684210526316
Enfield Lock,131,95.47826086956522,-27.115831397278463,22.34526315789474
Erith,128,108.47463768115941,-15.254189311594214,11.061052631578946
Evelyn,93,120.20652173913042,29.254324450677878,15.160000000000002
Fairfield,420,415.51811594202894,-1.067115251897871,21.366315789473674
Fairlop,91,84.96739130434781,-6.629240324892513,11.410526315789474
Falconbrook,113,84.17391304347827,-25.509811465948438,13.708070175438596
Falconwood & Welling,107,102.75724637681158,-3.9651903020452526,11.36421052631579
Faraday,155,162.8514492753623,5.06545114539504,15.095438596491231
Farnborough & Crofton,102,100.76449275362319,-1.211281614094914,34.49473684210528
Feltham North,115,108.0,-6.086956521739131,9.95859649122807
Feltham West,166,142.5326086956522,-14.13698271346254,23.926315789473694
Figge's Marsh,76,75.23913043478261,-1.0011441647597246,13.203508771929824
Finchley Church End,115,97.19565217391303,-15.48204158790171,9.697543859649127
Finsbury Park,292,323.57971014492756,10.814969227714919,44.44210526315787
Forest,107,106.3913043478261,-0.5688744412840252,12.854035087719296
Forest Gate North,68,56.37681159420289,-17.092924126172218,7.458947368421052
Forest Gate South,235,193.30072463768116,-17.744372494603763,50.589473684210525
Forest Hill,105,92.51449275362319,-11.890959282263632,13.599999999999989
Fortis Green,55,51.938405797101446,-5.566534914361008,9.667368421052634
Fortune Green,56,60.431159420289845,7.912784679089009,7.275789473684213
Friern Barnet,115,113.60507246376812,-1.2129804662885877,9.512280701754387
Frognal,30,34.72463768115942,15.748792270531405,4.345964912280701
Fulham Reach,122,110.62318840579711,-9.325255405084338,16.789473684210527
Fulham Town,50,48.166666666666664,-3.6666666666666714,3.7915789473684214
Fullwell,88,87.87681159420289,-0.13998682476944166,12.789473684210524
Fulwell & Hampton Hill,81,59.028985507246375,-27.124709250313117,11.774736842105263
Furzedown,106,89.18115942028984,-15.866830735575618,28.915789473684207
Garden Suburb,54,55.92028985507246,3.556092324208261,5.667368421052632
Gascoigne,84,90.99637681159419,8.329020013802605,7.223157894736846
Gipsy Hill,47,67.52898550724638,43.67869256860931,17.259649122807012
Golborne,95,122.48550724637681,28.932112890922962,41.73122807017544
Golders Green,80,84.20652173913042,5.258152173913029,11.551578947368418
Goodmayes,177,166.79710144927535,-5.764349463686245,20.4140350877193
Goose Green,76,83.72826086956522,10.168764302059499,10.004210526315788
Gooshays,101,98.1340579710145,-2.837566365332179,28.915789473684207
Goresbrook,109,106.48913043478261,-2.3035500598324687,10.305263157894725
Gospel Oak,104,107.8731884057971,3.724219620958745,8.522807017543863
Grange Park,26,26.902173913043484,3.4698996655518606,5.658947368421051
Graveney,33,51.94565217391305,57.411067193675905,11.545263157894736
Green Lane & St James,25,24.826086956521742,-0.6956521739130324,4.402105263157895
Green Street East,132,118.73188405797103,-10.051602986385584,17.43508771929824
Green Street West,133,113.2644927536232,-14.838727252914886,10.266666666666666
Greenford Broadway,131,117.21739130434783,-10.521075340192498,9.943157894736846
Greenhill,190,209.6268115942029,10.329900839054162,22.547368421052624
Greenwich Creekside,92,124.1340579710145,34.9283238815375,29.967719298245612
Greenwich Park,106,109.47463768115942,3.277960076565492,13.071578947368426
Greenwich Peninsula,212,207.3586956521739,-2.189294503691553,26.392280701754384
Grove,34,39.59057971014492,16.442881500426243,5.216140350877194
Grove Green,70,66.32608695652175,-5.2484472049689295,4.978947368421052
Grove Park,95,90.88043478260869,-4.336384439359275,8.273684210526318
Hackbridge,31,29.913043478260867,-3.5063113604488145,7.56842105263158
Hackney Central,190,182.40579710144928,-3.996948893974063,36.65263157894738
Hackney Downs,107,124.86231884057972,16.693755925775438,24.726315789473688
Hackney Wick,177,173.17753623188403,-2.1595840497830316,30.53684210526317
Hacton,38,27.050724637681157,-28.813882532418013,4.948771929824561
Haggerston,141,126.51449275362319,-10.273409394593484,17.016842105263155
Hainault,69,79.08695652173913,14.618777567737862,18.63157894736842
Hale End & Highams Park South,44,49.43840579710145,12.360013175230575,11.23157894736842
"Ham, Petersham & Richmond Riverside",35,50.04347826086956,42.981366459627324,9.733333333333334
Hammersmith Broadway,187,205.74637681159422,10.024800434007602,23.872280701754402
Hampstead Town,70,86.06884057971016,22.95548654244308,14.524210526315793
Hampton,33,37.27898550724638,12.96662274923146,4.658947368421053
Hampton North,63,45.7427536231884,-27.39245456636762,5.898245614035088
Hampton Wick & South Teddington,28,38.800724637681164,38.57401656314701,10.308771929824562
Hanger Hill,89,93.89855072463766,5.50398957824456,8.612631578947367
Hanwell Broadway,120,129.05797101449275,7.548309178743959,12.808421052631582
Hanworth Park,88,68.97101449275364,-21.623847167325412,14.094736842105267
Hanworth Village,114,96.14855072463767,-15.659166031019586,5.834385964912286
Harefield Village,33,29.793478260869566,-9.716732542819496,7.961403508771928
Harlesden & Kensal Green,195,197.8514492753623,1.4622816796729812,10.292631578947374
Harold Wood,67,68.71739130434783,2.5632706035042205,6.128421052631569
Harringay,173,149.80797101449275,-13.405797101449277,63.147368421052626
Harrow Road,128,122.82971014492753,-4.039288949275366,18.536842105263162
Harrow Weald,105,88.23913043478261,-15.962732919254657,22.126315789473683
Harrow on the Hill,60,62.79347826086957,4.655797101449283,7.6568421052631574
Haselbury,107,113.73188405797102,6.291480428010295,18.21052631578947
Hatch End,52,54.1268115942029,4.090022296544035,20.45263157894737
Hatch Lane & Highams Park North,46,59.96014492753623,30.348141146817888,21.736842105263158
Havering-atte-Bower,82,76.8840579710145,-6.238953693884757,13.54736842105262
Haverstock,111,112.25724637681158,1.1326543935239455,4.494736842105263
Hayes & Coney Hall,50,52.380434782608695,4.760869565217391,8.436491228070173
Hayes Town,213,196.93478260869566,-7.542355582771992,39.2
Headstone,65,77.40579710144928,19.085841694537358,18.378947368421045
Heath,100,88.90579710144928,-11.09420289855072,16.15649122807017
Heathfield,48,65.68115942028986,36.835748792270536,9.85052631578947
Heathrow Villages,540,550.304347826087,1.9082125603864808,33.43157894736835
Heaton,116,124.80797101449275,7.593078460769612,16.37263157894737
Hendon,202,150.60869565217394,-25.44123977615152,42.47368421052632
Hermitage & Gardens,85,81.57971014492755,-4.023870417732299,19.4
Herne Hill & Loughborough Junction,132,176.47463768115944,33.69290733421169,39.187368421052625
Heston Central,120,90.40579710144928,-24.661835748792267,32.96842105263158
Heston East,70,61.02536231884059,-12.820910973084867,9.95999999999999
Heston West,116,127.71739130434783,10.101199400299851,22.532631578947367
High Barnet,81,79.43840579710145,-1.9278940776525275,12.926315789473687
High Street,158,167.90217391304347,6.267198679141436,20.71999999999999
Higham Hill,75,74.20289855072464,-1.0628019323671463,3.9607017543859655
Highbury,96,101.87681159420289,6.121678743961345,24.926315789473684
Highfield,51,48.02536231884058,-5.83262290423416,6.054736842105264
Highgate,165,206.63405797101447,25.232762406675434,34.23157894736842
Hillingdon East,66,81.20652173913044,23.040184453227937,8.463157894736844
Hillingdon West,32,42.039855072463766,31.374547101449267,5.9333333333333345
Hillrise,98,95.22463768115941,-2.83200236616387,23.14736842105263
Hillside,50,44.20289855072464,-11.59420289855072,8.364912280701754
Hither Green,144,137.93478260869566,-4.211956521739127,14.526315789473689
Hoe Street,97,109.56521739130434,12.953832362169425,22.652631578947368
Holborn & Covent Garden,511,464.80434782608694,-9.040245043818603,32.60210526315789
Holland,62,69.32608695652173,11.816269284712476,8.127719298245614
Holloway,112,119.29347826086956,6.51203416149068,16.105263157894747
Homerton,167,179.7826086956522,7.654256703983345,15.364210526315787
Hook & Chessington North,43,40.26811594202899,-6.3532187394674615,6.093333333333334
Hornsey,81,86.40579710144928,6.67382358203615,19.842105263157897
Hounslow Central,201,265.981884057971,32.32929555122935,72.23157894736843
Hounslow East,54,62.112318840579704,15.022812667740194,12.315789473684214
Hounslow Heath,109,112.9855072463768,3.6564286664007324,26.768421052631574
Hounslow South,55,47.344202898550726,-13.919631093544133,9.15438596491228
Hounslow West,126,121.7391304347826,-3.3816425120773057,12.941052631578946
Hoxton East & Shoreditch,321,331.94202898550725,3.408731771186059,37.24210526315792
Hoxton West,137,141.34782608695653,3.1735956839098765,7.061754385964906
Hyde Park,286,305.4528985507246,6.801712779973645,38.24561403508769
Hylands & Harrow Lodge,55,54.402173913043484,-1.0869565217391204,10.896140350877193
Ickenham & South Harefield,45,38.05797101449275,-15.426731078904998,5.141052631578949
Ilford Town,275,238.05797101449275,-13.433465085638998,34.4357894736842
Island Gardens,64,70.0072463768116,9.386322463768115,8.459649122807019
Isleworth,79,69.90579710144928,-11.511649238671797,17.550877192982448
Jubilee,113,106.8913043478261,-5.4059253559061125,12.389473684210525
Junction,213,197.13405797101447,-7.4487990746410935,7.7614035087719175
Kelsey & Eden Park,89,104.86231884057972,17.82283015795474,13.168421052631587
Kenley,36,41.26086956521739,14.613526570048307,7.166315789473683
Kennington,130,118.15942028985506,-9.108138238573028,7.1192982456140355
Kentish Town North,58,57.26086956521739,-1.2743628185907057,17.15789473684211
Kentish Town South,80,116.8840579710145,46.105072463768124,23.432982456140355
Kenton,87,73.28985507246377,-15.758787273030153,28.15789473684211
Kenton East,63,61.53985507246377,-2.3176903611686144,12.715789473684218
Kenton West,25,26.74275362318841,6.97101449275364,11.821052631578944
Kew,55,62.15942028985507,13.01712779973649,6.863157894736844
Kidbrooke Park,56,57.35507246376811,2.4197722567287676,7.288421052631575
Kidbrooke Village & Sutcliffe,62,57.666666666666664,-6.9892473118279606,5.256140350877192
Kilburn,346,311.63043478260875,-9.933400351847183,66.02105263157893
King George's & Sunray,39,25.778985507246375,-33.900037160906734,9.666666666666664
King's Cross,316,299.6050724637681,-5.188268207668315,67.46315789473685
King's Park,93,80.06159420289855,-13.91226429795855,18.031578947368423
Kingsbury,56,80.08695652173913,43.012422360248436,35.09473684210526
Kingston Gate,36,42.2427536231884,17.340982286634443,2.75578947368421
Kingston Town,321,320.92028985507244,-0.0248318208497072,23.491929824561417
Knight's Hill,107,107.3840579710145,0.35893268319112087,13.768421052631577
Knightsbridge & Belgravia,208,227.69927536231884,9.47080546265329,26.61543859649121
Lady Margaret,125,90.31884057971014,-27.744927536231888,18.50526315789474
Ladywell,162,140.44565217391303,-13.30515297906603,9.023157894736846
Lancaster Gate,204,200.07971014492753,-1.9217107132708178,38.82105263157896
Lansbury,185,184.78260869565216,-0.11750881316099576,22.610526315789496
Larkswood,52,55.17753623188406,6.110646599777043,7.421052631578943
Lavender,142,136.74637681159422,-3.6997346397223825,10.571929824561398
Lavender Fields,50,54.67391304347826,9.347826086956516,9.023157894736842
Laycock,188,182.2246376811594,-3.072001233425847,13.604912280701758
Lea Bridge,251,267.49275362318843,6.570818176569097,15.407017543859638
Lee Green,93,86.56884057971016,-6.91522518310736,6.740350877192983
Lewisham Central,190,176.05434782608694,-7.339816933638453,14.760000000000002
Leyton,106,107.90217391304347,1.794503691550443,15.132631578947372
Leytonstone,175,171.6014492753623,-1.9420289855072497,22.347368421052643
Lillie,47,57.40217391304348,22.1322849213691,8.686315789473685
Limehouse,40,40.97826086956521,2.445652173913029,6.312280701754385
Little Ilford,103,98.00724637681158,-4.847333614746039,5.254736842105262
Little Venice,63,69.4927536231884,10.305958132045088,5.690526315789472
London Bridge & West Bermondsey,349,331.6159420289855,-4.981105435820774,17.142456140350884
London Fields,135,154.82608695652172,14.685990338164236,50.915789473684185
Longbridge,80,81.26449275362319,1.5806159420289845,12.021052631578943
Longlands,31,30.92753623188406,-0.23375409069658534,8.052631578947366
Longthornton,60,60.80797101449275,1.3466183574879171,9.465263157894737
Lower Edmonton,124,126.8659420289855,2.3112435717625006,21.599999999999998
Lower Morden,55,45.76449275362319,-16.79183135704875,13.24631578947368
Loxford,117,111.51811594202898,-4.685370989718816,15.768421052631577
Maida Vale,122,89.86956521739131,-26.336421952957938,27.873684210526307
Manor Park,105,87.6159420289855,-16.556245686680477,13.778947368421047
Markhouse,57,63.27173913043478,11.003051106025932,7.682105263157896
Marlborough,51,58.1231884057971,13.967036089798238,12.757894736842102
Marshalls & Rise Park,56,58.981884057971016,5.324792960662528,12.64842105263158
Maryland,101,101.4855072463768,0.48070024393742394,9.402807017543859
Marylebone,305,328.35869565217394,7.658588738417683,44.7368421052632
Mawneys,61,87.00724637681158,42.63483012592062,17.88421052631579
Mayesbrook,75,79.68115942028984,6.241545893719793,14.494736842105258
Mayfield,77,75.37318840579711,-2.1127423301336252,14.431578947368433
Merton Park,60,50.71739130434783,-15.471014492753621,8.45263157894737
Middle Park & Horn Park,48,56.41666666666667,17.534722222222232,11.766315789473683
Mildmay,83,99.40942028985506,19.770385891391644,9.050526315789469
Mile End,221,177.19565217391303,-19.820971867007678,32.421052631578945
Mill Hill,95,85.11594202898551,-10.4042715484363,11.334736842105254
Monkhams,38,31.467391304347828,-17.19107551487414,3.772631578947366
Mortlake & Barnes Common,62,61.221014492753625,-1.2564282374941536,11.672280701754385
Motspur Park & Old Malden East,23,22.45652173913043,-2.362948960302478,11.614736842105264
Mottingham,103,95.33333333333333,-7.443365695792885,10.517192982456141
"Mottingham, Coldharbour & New Eltham",70,75.33333333333333,7.619047619047612,8.661052631578944
Munster,69,54.344202898550726,-21.24028565427431,14.205614035087716
Muswell Hill,76,76.19202898550724,0.25266971777267827,20.01052631578947
Myatt's Fields,83,71.14855072463769,-14.278854548629294,16.547368421052624
New Addington North,38,60.57971014492753,59.42028985507245,15.49824561403509
New Addington South,68,82.45289855072464,21.25426257459506,12.340350877192984
New Cross Gate,92,70.92391304347827,-22.90879017013232,9.397894736842108
New Malden Village,62,52.15942028985508,-15.871902758298262,6.9452631578947335
New Southgate,62,63.78985507246377,2.88686302010286,6.109473684210526
Newbury,51,62.481884057971016,22.513498152884345,10.51157894736842
Newington,93,98.10144927536233,5.485429328346589,11.315789473684214
Nine Elms,123,129.2463768115942,5.078355131377389,12.970526315789474
Noel Park,308,304.8442028985507,-1.024609448522503,33.130526315789474
Norbiton,69,60.30797101449275,-12.597143457256884,9.452631578947367
Norbury & Pollards Hill,76,105.23913043478261,38.47254004576659,16.465263157894736
Norbury Park,52,53.73550724637681,3.3375139353400236,11.926315789473678
Norland,42,59.23550724637681,41.03692201518289,13.086315789473684
North Acton,198,172.81159420289856,-12.721417069243152,34.28421052631579
North Bermondsey,120,138.99637681159422,15.830314009661848,20.576842105263154
North Cheam,59,41.47101449275362,-29.71014492753624,12.882105263157893
North Greenford,80,58.86594202898551,-26.417572463768114,11.15789473684209
North Hanwell,86,67.26086956521739,-21.7896865520728,15.442105263157895
North Harrow,42,47.05797101449275,12.042788129744645,6.102456140350874
North Richmond,49,56.34057971014493,14.98077491866312,7.131929824561402
North Walworth,328,317.42753623188406,-3.223312124425591,58.399999999999956
Northbury,114,137.94202898550728,21.00177981184849,20.621052631578937
Northcote,73,48.84057971014492,-33.09509628747271,20.82105263157895
Northfield,58,52.49637681159421,-9.48900549725136,10.62105263157895
Northolt Mandeville,112,91.94202898550724,-17.908902691511397,26.216140350877197
Northolt West End,102,105.87681159420289,3.80079568059107,22.88421052631579
Northumberland Heath,39,46.73188405797101,19.825343738387204,9.616140350877195
Northumberland Park,165,190.17391304347825,15.256916996047426,24.130526315789474
Northwick Park,95,86.9891304347826,-8.432494279176215,22.136842105263156
Northwood,44,65.17391304347827,48.12252964426879,16.06315789473684
Northwood Hills,45,59.96014492753623,33.24476650563606,10.338947368421051
Norwood Green,168,133.4927536231884,-20.540027605244994,21.315789473684198
Notting Dale,157,201.42391304347828,28.295486014954317,62.757894736842104
Nunhead & Queen's Road,118,118.7355072463768,0.6233112257430493,11.840000000000003
Oakwood,29,28.771739130434785,-0.7871064467766037,3.275789473684211
Old Coulsdon,24,30.51086956521739,27.128623188405793,8.856842105263159
Old Kent Road,150,152.65579710144925,1.7705314009661681,26.04210526315789
Old Malden,26,19.355072463768114,-25.55741360089187,6.2210526315789485
Orpington,108,93.48550724637681,-13.439345142243692,21.021052631578943
Osterley & Spring Grove,94,77.10869565217392,-17.969472710453275,22.484210526315774
Oval,86,102.46014492753625,19.139703404111916,14.463157894736842
Palace & Hurlingham,74,53.10869565217391,-28.231492361927153,13.178947368421053
Palmers Green,78,107.85144927536233,38.271088814567086,64.22105263157896
Park Hill & Whitgift,19,16.43840579710145,-13.482074752097637,2.936842105263156
Parsloes,103,90.57608695652173,-12.062051498522587,12.431578947368422
Parsons Green & Sandford,63,53.4963768115942,-15.085116172072693,9.256140350877192
Peckham,151,137.86231884057972,-8.70045109895383,27.378947368421052
Peckham Rye,58,55.23550724637681,-4.766366816591703,9.757894736842106
Pembridge,87,97.01086956521739,11.506746626686656,37.65684210526316
Penge & Cator,160,203.35869565217388,27.099184782608678,26.578245614035087
Perivale,102,99.80797101449275,-2.1490480250071076,39.315789473684184
Perry Vale,95,97.77173913043478,2.9176201372997697,10.442105263157895
Petts Wood & Knoll,61,51.405797101449274,-15.728201473033979,5.8877192982456155
Pimlico North,190,176.13768115942028,-7.29595728451564,30.74736842105264
Pimlico South,61,75.58695652173913,23.91304347826086,8.543859649122805
Pinkwell,124,135.86231884057972,9.566386161757837,17.602105263157892
Pinner,69,53.42028985507247,-22.579290065112364,10.73684210526316
Pinner South,67,59.32246376811594,-11.459009301319496,19.23157894736842
Pitshanger,73,71.8659420289855,-1.553504069882876,9.4842105263158
Plaistow,55,74.62318840579711,35.67852437417656,14.431578947368404
Plaistow North,135,144.68115942028987,7.171229200214721,7.014736842105259
Plaistow South,164,122.22463768115942,-25.472781901732063,29.684210526315788
Plaistow West & Canning Town East,114,127.04347826086956,11.441647597254002,13.96421052631579
Plashet,86,75.17753623188406,-12.58426019548365,11.679999999999998
Plumstead & Glyndon,177,168.91666666666666,-4.56685499058381,11.859649122807014
Plumstead Common,111,103.25,-6.981981981981981,18.915789473684207
Pollards Hill,55,59.89855072463769,8.906455862977612,5.409122807017543
Ponders End,190,189.7391304347826,-0.13729977116705522,24.510175438596498
Poplar,106,96.85507246376811,-8.62729012852065,18.44210526315789
Preston,95,63.576086956521735,-33.07780320366133,18.624561403508768
Primrose Hill,93,108.59420289855072,16.767960105968516,19.99157894736842
Purley & Woodcote,99,102.5,3.535353535353535,11.07578947368421
Purley Oaks & Riddlesdown,61,49.72826086956522,-18.478260869565215,12.221052631578946
Queen's Gate,66,60.3768115942029,-8.519982433025913,12.378245614035082
Queen's Park,71,84.48550724637681,18.99367217799551,18.446315789473683
Queens Park,129,137.6195652173913,6.68183350185373,40.778947368421065
Queensbury,97,127.93478260869566,31.891528462572843,21.43789473684211
Rainham & Wennington,118,105.69927536231884,-10.424342913289115,25.378947368421063
Ravensbury,50,43.93115942028986,-12.137681159420282,3.7936842105263167
Ravenscourt,50,57.311594202898554,14.623188405797109,5.839999999999998
Rayners Lane,38,37.35507246376811,-1.6971777269260264,5.484210526315789
Raynes Park,38,48.69202898550725,28.136918382913816,6.687017543859653
Redcliffe,85,77.80797101449275,-8.461210571185001,24.15789473684211
Regent's Park,416,443.05434782608694,6.503448996655514,38.51578947368421
Ridgeway,77,64.77173913043478,-15.880858272162621,7.761403508771929
Roehampton,110,128.56521739130434,16.877470355731223,19.76842105263158
Rotherhithe,158,138.40942028985506,-12.399101082370214,20.014736842105265
Roundwood,180,158.33695652173913,-12.035024154589374,17.378947368421045
Roxbourne,60,57.67028985507247,-3.8828502415458863,7.054736842105262
Roxeth,107,97.91304347826086,-8.492482730597327,25.126315789473683
Royal Albert,126,102.23550724637681,-18.86070853462158,29.621052631578948
Royal Hospital,123,128.5289855072464,4.495110168493011,18.52421052631579
Royal Victoria,150,132.68115942028984,-11.54589371980677,32.442105263157906
Ruislip,68,73.10144927536231,7.502131287297519,9.837894736842106
Ruislip Manor,25,30.804347826086957,23.217391304347828,5.0898245614035105
Rush Green & Crowlands,114,100.42753623188406,-11.905669972031523,16.10456140350877
Rushey Green,266,230.7572463768116,-13.249155497439249,34.96842105263157
Rye Lane,202,222.41666666666666,10.107260726072601,40.75789473684211
Sanderstead,42,48.166666666666664,14.682539682539678,16.852631578947364
Sands End,55,61.90942028985508,12.56258234519105,11.25263157894737
Selhurst,110,112.68840579710145,2.44400527009223,24.906666666666666
Selsdon & Addington Village,34,38.438405797101446,13.054134697357192,9.294736842105262
Selsdon Vale & Forestdale,41,41.391304347826086,0.9544008483563075,2.2821052631578937
Seven Kings,166,165.64492753623188,-0.21389907455911095,21.11578947368422
Seven Sisters,117,120.29347826086958,2.814938684503912,17.080701754385977
Shacklewell,91,85.03623188405798,-6.553591336200018,19.814035087719304
Shadwell,124,107.07971014492755,-13.64539504441327,24.052631578947363
Shaftesbury & Queenstown,104,111.39492753623189,7.110507246376817,20.65263157894737
Shepherd's Bush Green,268,285.7536231884058,6.624486264330527,32.720701754385956
Shirley North,88,83.59782608695652,-5.002470355731232,28.10526315789474
Shirley South,37,46.85869565217391,26.645123384253804,6.484210526315792
Shooters Hill,49,67.9963768115942,38.768115942028984,12.11228070175439
Shortlands & Park Langley,65,49.93478260869565,-23.17725752508362,14.852631578947367
Sidcup,114,108.14492753623188,-5.1360284769895825,15.99298245614035
Slade Green & Northend,100,80.53985507246377,-19.460144927536234,30.63157894736843
South Acton,181,154.5905797101449,-14.590839939146461,16.280701754385973
South Balham,60,63.76811594202898,6.280193236714962,11.468771929824564
South Beddington & Roundshaw,84,72.3840579710145,-13.82850241545893,15.420350877192982
South Bermondsey,135,130.79710144927535,-3.1132581857219663,10.52842105263158
South Croydon,162,138.18478260869563,-14.70075147611381,12.536842105263162
South Hampstead,150,139.15579710144928,-7.229468599033813,10.425263157894738
South Hornchurch,48,52.38768115942029,9.141002415458937,13.778947368421047
South Norwood,122,124.57608695652173,2.111546685673553,6.453333333333333
South Richmond,98,106.18478260869566,8.351818988464956,18.97684210526316
South Ruislip,134,114.32608695652173,-14.682024659312138,14.884210526315783
South Tottenham,162,190.69202898550725,17.711129003399538,20.412631578947373
South Twickenham,28,34.2572463768116,22.34730848861286,7.153684210526317
South Woodford,71,74.86956521739131,5.450091855480721,10.70175438596491
Southall Broadway,133,159.82608695652175,20.169990192873495,27.26666666666668
Southall Green,180,194.85507246376812,8.252818035426737,18.52350877192982
Southall West,60,51.95652173913044,-13.405797101449272,6.829473684210524
Southbury,109,117.87318840579711,8.14053982183221,25.305263157894736
Southfield,83,83.22463768115942,0.27064780862580934,5.070175438596488
Southfields,49,46.518115942028984,-5.065069506063296,17.126315789473683
Southgate,104,97.70652173913044,-6.051421404682271,20.14736842105264
Spitalfields & Banglatown,326,292.17028985507244,-10.377211700898025,39.95789473684207
Springfield,106,107.83695652173913,1.7329778506972882,14.452631578947358
Squirrels Heath,61,55.06159420289856,-9.735091470658096,10.989473684210516
St Alban's,70,71.98550724637681,2.8364389233954466,25.810526315789474
St Andrew's,82,85.10144927536233,3.7822552138564967,10.261052631578945
St Ann's,57,58.47101449275363,2.58072718026953,5.231578947368421
St Dunstan's,109,100.39130434782608,-7.897885919425615,9.38105263157895
St Edward's,229,226.05797101449272,-1.284728814631999,41.88421052631577
St George's,143,157.5905797101449,10.203202594506928,16.237894736842115
St Giles,127,129.67028985507247,2.1025904370649355,21.761403508771927
St Helier,51,44.326086956521735,-13.086104006820129,4.35438596491228
St Helier East,45,48.64492753623188,8.099838969404184,5.052631578947367
St Helier West,101,93.64855072463767,-7.278662648873592,13.263157894736844
St James,92,91.84420289855072,-0.1693446754883486,8.29894736842105
St James's,1783,1594.086956521739,-10.595235192274872,78.56491228070172
St Katharine's & Wapping,144,140.26086956521738,-2.596618357487933,27.642105263157895
St Margarets & North Twickenham,97,63.481884057971016,-34.554758703122666,20.909473684210525
St Mark's & Seething Wells,71,61.449275362318836,-13.451724841804454,12.572631578947371
St Martin's,64,74.43115942028984,16.298686594202884,8.43719298245614
St Mary Cray,124,154.4094202898551,24.52372604020572,22.463157894736838
St Mary's,106,94.07971014492755,-11.245556467049484,32.599999999999994
St Mary's & St James,38,39.03985507246377,2.736460717009929,7.456842105263159
St Mary's & St James',174,174.31159420289856,0.17907712810262152,15.149473684210523
St Pancras & Somers Town,167,151.33695652173913,-9.379067951054417,18.13263157894737
St Paul's Cray,137,145.82608695652175,6.442399238337043,26.02035087719297
St Peter's,186,200.1304347826087,7.59700794763908,20.34315789473684
St Peter's & Canalside,135,150.56521739130434,11.52979066022544,19.094736842105256
St. Helen's,57,61.57971014492753,8.034579201627249,21.126315789473686
Stamford Hill West,55,68.97826086956522,25.41501976284585,37.94736842105263
Stanley,126,121.98913043478261,-3.183229813664596,16.157894736842106
Stanmore,50,54.77536231884058,9.550724637681157,9.726315789473686
Stepney Green,75,80.75,7.666666666666666,12.176842105263159
Stockwell East,71,54.19927536231885,-23.66299244743824,12.547368421052628
Stockwell West & Larkhall,101,110.75362318840581,9.657052661787931,24.799999999999997
Stoke Newington,103,111.97101449275362,8.709722808498665,8.543859649122808
Stonebridge,262,253.75362318840578,-3.147472065493976,35.73684210526315
Stonecot,36,37.20652173913044,3.3514492753623255,14.084210526315783
Stratford,277,313.8152173913043,13.290692199026829,14.701052631578943
Stratford Olympic Park,449,403.54347826086956,-10.12394693521836,41.76140350877195
Streatham Common & Vale,127,117.90579710144928,-7.160789683898204,15.789473684210526
Streatham Hill East,61,54.1304347826087,-11.261582323592291,9.911578947368422
Streatham Hill West & Thornton,46,54.30797101449275,18.060806553245108,13.989473684210527
Streatham St Leonard's,159,157.7065217391304,-0.8135083401695543,23.676491228070184
Streatham Wells,44,50.39855072463769,14.542160737812926,5.711578947368421
Stroud Green,82,81.45289855072464,-0.6671968893601947,17.38947368421051
Sudbury,52,60.887681159420296,17.091694537346726,4.108771929824565
Surbiton Hill,50,46.09057971014492,-7.818840579710155,10.926315789473685
Surrey Docks,76,67.44565217391303,-11.255720823798642,6.797192982456141
Sutton Central,168,152.99637681159422,-8.930728088336776,14.228070175438585
Sutton North,51,51.583333333333336,1.1437908496732072,2.877894736842103
Sutton South,52,56.68478260869565,9.00919732441471,9.670877192982456
Sutton West & East Cheam,54,39.53260869565217,-26.791465378421904,9.378947368421052
Sydenham,144,134.231884057971,-6.783413848631249,16.228070175438596
Syon & Brentford Lock,133,152.77173913043478,14.865969271003596,31.021052631578943
Teddington,60,56.78260869565217,-5.3623188405797135,2.4778947368421056
Telegraph Hill,82,89.09057971014494,8.64704842700602,10.294736842105262
Thames View,57,45.85507246376812,-19.55250444952962,7.064561403508774
Thamesfield,155,127.92391304347825,-17.468443197755967,16.04421052631579
Thamesmead East,97,94.4963768115942,-2.581054833408038,11.235789473684207
Thamesmead Moorings,105,101.99637681159419,-2.860593512767439,15.014736842105265
The Wrythe,86,58.28260869565218,-32.22952477249746,17.989473684210527
Thornton Heath,99,122.6376811594203,23.876445615576056,14.962105263157895
Tokyngton,60,55.242753623188406,-7.928743961352656,11.128421052631579
Tollington,117,138.4927536231884,18.36987489161402,15.35157894736842
Tolworth,95,69.72101449275362,-26.609458428680394,14.757894736842104
Tooting Bec,87,77.52898550724638,-10.886223554889224,16.536842105263162
Tooting Broadway,204,201.94202898550725,-1.0088093208297795,36.81964912280703
Tottenham Central,145,132.231884057971,-8.80559720139931,8.904561403508774
Tottenham Hale,141,146.8876811594203,4.175660396751994,16.557894736842105
Totteridge & Woodside,64,85.96014492753622,34.312726449275345,21.416842105263164
Town,122,130.41666666666669,6.898907103825152,20.652631578947346
Trinity,60,49.434782608695656,-17.608695652173907,20.031578947368416
Tudor,16,14.53623188405797,-9.148550724637683,3.550877192982456
Tufnell Park,89,101.39130434782608,13.922813873961887,15.305263157894737
Twickenham Riverside,72,91.6159420289855,27.24436392914653,15.433684210526312
Underhill,70,60.80072463768116,-13.141821946169777,16.08070175438597
Upminster,66,55.503623188405804,-15.903601229688174,7.865263157894736
Upper Edmonton,213,190.33333333333337,-10.641627543035977,12.280701754385962
Upper Walthamstow,29,45.29347826086957,56.184407796101965,10.185964912280705
Uxbridge,245,247.06159420289856,0.8414670215912495,29.978947368421057
Valence,74,75.97101449275362,2.663533098315709,13.357894736842098
Valentines,155,135.7536231884058,-12.417017297802703,20.052631578947377
Valley,126,147.42028985507247,17.00023004370831,24.796491228070174
Vauxhall,211,232.6304347826087,10.251390892231607,13.229473684210523
Victoria,112,97.02898550724638,-13.36697722567288,32.24210526315789
Village,155,141.95289855072465,-8.417484805984094,12.83508771929824
Vincent Square,127,102.89855072463769,-18.977519114458513,31.273684210526312
Waddon,162,186.28623188405797,14.991501162998746,58.85263157894735
Walham Green,101,91.22826086956522,-9.67498923805424,9.280000000000001
Wall End,128,87.3840579710145,-31.731204710144922,16.887719298245607
Wallington North,64,50.94565217391305,-20.397418478260864,9.491228070175437
Wallington South,68,66.52898550724638,-2.1632566069906245,12.13684210526315
Walpole,95,135.43840579710144,42.566742944317305,37.59157894736842
Wandle,111,75.34420289855072,-32.12233973103539,47.22105263157895
Wandsworth Common,108,138.45652173913044,28.200483091787444,22.08421052631578
Wandsworth Town,180,163.2173913043478,-9.323671497584549,57.66315789473684
Wanstead Park,32,36.93478260869565,15.421195652173903,6.845614035087721
Wanstead Village,89,86.97463768115941,-2.2756879986972947,4.951578947368421
Waterloo & South Bank,391,461.71014492753625,18.084436042848147,22.24631578947367
Wealdstone North,55,47.86231884057971,-12.97760210803689,5.204210526315788
Wealdstone South,86,91.41304347826086,6.2942366026289065,12.529824561403501
Weavers,163,123.78623188405797,-24.05752645149818,25.793684210526315
Welsh Harp,100,89.55797101449276,-10.442028985507235,15.32421052631579
Wembley Central,173,150.1376811594203,-13.215213202647218,21.926315789473698
Wembley Hill,170,182.731884057971,7.489343563512353,22.70105263157895
Wembley Park,197,206.94927536231882,5.050393584933409,32.20280701754386
Wendell Park,26,25.884057971014492,-0.4459308807134914,3.471578947368422
West Barnes,44,44.02536231884058,0.05764163372858697,5.989473684210526
West Drayton,147,127.82971014492755,-13.041013506852009,20.351578947368424
West Dulwich,71,67.53260869565217,-4.88364972443356,4.926315789473685
West End,2387,2357.329710144928,-1.242994966697614,216.80000000000064
West Finchley,134,112.41666666666667,-16.10696517412935,14.856842105263155
West Green,110,96.5072463768116,-12.266139657444006,43.747368421052634
West Ham,93,95.52898550724638,2.7193392551036295,4.762105263157897
West Hampstead,121,113.63768115942028,-6.084561025272494,31.515789473684197
West Harrow,32,35.77173913043478,11.786684782608692,8.696842105263157
West Heath,38,38.94927536231884,2.4980930587337986,7.89964912280702
West Hendon,179,158.47101449275362,-11.468706987288478,38.12631578947366
West Hill,60,63.92028985507246,6.533816425120769,5.355789473684209
West Kensington,55,63.55797101449276,15.559947299077741,8.408421052631578
West Putney,109,86.6340579710145,-20.5192128706289,26.38947368421052
West Thamesmead,79,88.92391304347825,12.561915244909178,5.347368421052636
West Thornton,173,176.38405797101447,1.9561028734187695,7.358596491228065
West Twickenham,48,38.083333333333336,-20.659722222222218,6.882807017543857
West Wickham,36,46.55797101449275,29.327697262479862,24.631578947368418
Westbourne,105,114.42028985507245,8.971704623878528,26.661052631578947
Whalebone,81,84.22101449275362,3.9765611021649687,11.810526315789478
Whetstone,79,65.2644927536232,-17.38671803338835,11.96561403508772
White City,82,77.57608695652173,-5.395015906680811,10.410526315789477
White Hart Lane,92,81.06159420289855,-11.889571518588536,8.136842105263156
Whitechapel,295,264.5471014492754,-10.323016457872756,34.178947368421056
Whitewebbs,77,75.89492753623189,-1.4351590438546882,14.157894736842106
Whitton,53,48.79710144927536,-7.929997265518189,5.00561403508772
Willesden Green,190,188.76086956521738,-0.652173913043486,15.712982456140338
William Morris,62,67.7644927536232,9.297568957456777,13.715789473684211
Wimbledon Park,49,49.641304347826086,1.3087843833185429,7.978947368421056
Wimbledon Town & Dundonald,83,121.37318840579711,46.2327571154182,66.0736842105263
Winchmore Hill,54,46.221014492753625,-14.405528717122918,4.408421052631579
Wood End,225,178.55797101449275,-20.640901771336555,45.28421052631579
Wood Street,79,60.22826086956522,-23.76169510181618,12.772631578947367
Woodberry Down,100,132.9746376811594,32.97463768115941,20.752280701754394
Woodhouse,103,96.31884057971016,-6.486562543970723,10.726315789473679
Woodside,222,238.1594202898551,7.279018148583375,20.769824561403492
Woolwich Arsenal,233,218.37681159420293,-6.276046526093161,46.4421052631579
Woolwich Common,117,120.28260869565219,2.8056484578223815,8.659649122807016
Woolwich Dockyard,94,84.46376811594203,-10.144927536231881,18.621052631578944
Worcester Park North,24,32.52173913043478,35.507246376811594,4.162105263157896
Worcester Park South,15,19.51086956521739,30.072463768115938,5.985263157894737
Wormholt,35,37.528985507246375,7.225672877846787,5.272982456140352
Yeading,111,98.3913043478261,-11.359185272228745,23.768421052631577
Yiewsley,110,139.54347826086956,26.857707509881422,13.385263157894736
